,N,P,K,pH,rainfall,temperature,Crop
0,120,40,20,5.46,654.34,29.26666667,cotton
1,20,60,20,6.18,654.34,29.26666667,horsegram
2,80,40,40,5.42,654.34,29.26666667,jowar
3,80,40,20,5.62,654.34,29.26666667,maize
4,20,40,20,5.68,654.34,29.26666667,moong
5,50,40,20,5.64,654.34,29.26666667,ragi
6,80,40,40,5.54,654.34,29.26666667,rice
7,50,60,30,5.36,654.34,29.26666667,sunflower
8,20,60,20,6,288.3,25.46,horsegram
9,80,40,40,5.5,288.3,25.46,jowar
10,80,40,20,5.54,288.3,25.46,maize
11,50,40,20,5.6,288.3,25.46,ragi
12,80,40,40,5.54,288.3,25.46,rice
13,50,60,30,5.32,288.3,25.46,sunflower
14,60,30,30,6.4,288.3,25.46,wheat
15,20,60,20,5.98,654.34,29.26666667,horsegram
16,80,40,40,5.4,654.34,29.26666667,jowar
17,80,40,20,5.5,654.34,29.26666667,maize
18,20,40,20,5.5,654.34,29.26666667,moong
19,50,40,20,5.64,654.34,29.26666667,ragi
20,80,40,40,5.5,654.34,29.26666667,rice
21,30,15,30,6.4,654.34,29.26666667,sesamum
22,50,60,30,5.62,654.34,29.26666667,sunflower
23,20,60,20,5.9,288.3,25.46,horsegram
24,50,40,20,5.32,288.3,25.46,ragi
25,80,40,40,5.4,288.3,25.46,rice
26,50,60,30,5.48,288.3,25.46,sunflower
27,120,40,20,5.64,654.34,29.26666667,cotton
28,80,40,40,5.38,654.34,29.26666667,jowar
29,80,40,20,5.66,654.34,29.26666667,maize
30,50,40,20,5.58,654.34,29.26666667,ragi
31,80,40,40,5.34,654.34,29.26666667,rice
32,30,15,30,6.34,654.34,29.26666667,sesamum
33,50,60,30,5.56,654.34,29.26666667,sunflower
34,20,60,20,5.94,288.3,25.46,horsegram
35,80,40,40,5.38,288.3,25.46,jowar
36,80,40,20,5.66,288.3,25.46,maize
37,20,40,20,5.48,288.3,25.46,moong
38,50,40,20,5.58,288.3,25.46,ragi
39,80,40,40,5.48,288.3,25.46,rice
40,30,15,30,6.42,288.3,25.46,sesamum
41,120,40,20,5.66,654.34,29.26666667,cotton
42,80,40,40,5.68,654.34,29.26666667,jowar
43,80,40,20,5.46,654.34,29.26666667,maize
44,20,40,20,5.32,654.34,29.26666667,moong
45,80,40,40,5.34,654.34,29.26666667,rice
46,80,40,40,5.5,288.3,25.46,jowar
47,80,40,20,5.46,288.3,25.46,maize
48,20,40,20,5.42,288.3,25.46,moong
49,80,40,40,5.56,288.3,25.46,rice
50,30,15,30,6.48,288.3,25.46,sesamum
51,120,40,20,5.44,654.34,29.26666667,cotton
52,20,60,20,6.02,654.34,29.26666667,horsegram
53,80,40,40,5.62,654.34,29.26666667,jowar
54,80,40,20,5.42,654.34,29.26666667,maize
55,50,40,20,5.38,654.34,29.26666667,ragi
56,80,40,40,5.42,654.34,29.26666667,rice
57,30,15,30,6.68,654.34,29.26666667,sesamum
58,50,60,30,5.42,654.34,29.26666667,sunflower
59,20,60,20,6.02,288.3,25.46,horsegram
60,80,40,40,5.62,288.3,25.46,jowar
61,50,40,20,5.36,288.3,25.46,ragi
62,80,40,40,5.52,288.3,25.46,rice
63,50,60,30,5.4,288.3,25.46,sunflower
64,120,40,20,5.34,654.34,29.26666667,cotton
65,80,40,40,5.38,654.34,29.26666667,jowar
66,80,40,20,5.38,654.34,29.26666667,maize
67,20,40,20,5.4,654.34,29.26666667,moong
68,80,40,40,5.6,654.34,29.26666667,rice
69,30,15,30,6.6,654.34,29.26666667,sesamum
70,50,60,30,5.36,654.34,29.26666667,sunflower
71,20,60,20,5.82,288.3,25.46,horsegram
72,80,40,40,5.64,288.3,25.46,jowar
73,80,40,20,5.46,288.3,25.46,maize
74,20,40,20,5.56,288.3,25.46,moong
75,80,40,40,5.48,288.3,25.46,rice
76,30,15,30,6.44,288.3,25.46,sesamum
77,120,40,20,5.52,654.34,29.26666667,cotton
78,80,40,40,5.56,654.34,29.26666667,jowar
79,80,40,20,5.4,654.34,29.26666667,maize
80,20,40,20,5.56,654.34,29.26666667,moong
81,80,40,40,5.34,654.34,29.26666667,rice
82,50,60,30,5.62,654.34,29.26666667,sunflower
83,20,60,20,6.08,288.3,25.46,horsegram
84,80,40,40,5.66,288.3,25.46,jowar
85,80,40,20,5.48,288.3,25.46,maize
86,20,40,20,5.66,288.3,25.46,moong
87,80,40,40,5.4,288.3,25.46,rice
88,50,60,30,5.38,288.3,25.46,sunflower
89,60,30,30,6.7,288.3,25.46,wheat
90,120,40,20,5.32,654.34,29.26666667,cotton
91,80,40,40,5.58,654.34,29.26666667,jowar
92,80,40,20,5.34,654.34,29.26666667,maize
93,20,40,20,5.6,654.34,29.26666667,moong
94,80,40,40,5.68,654.34,29.26666667,rice
95,30,15,30,6.46,654.34,29.26666667,sesamum
96,50,60,30,5.52,654.34,29.26666667,sunflower
97,20,60,20,6.1,288.3,25.46,horsegram
98,80,40,40,5.56,288.3,25.46,jowar
99,80,40,20,5.38,288.3,25.46,maize
100,20,40,20,5.48,288.3,25.46,moong
101,50,40,20,5.68,288.3,25.46,ragi
102,80,40,40,5.46,288.3,25.46,rice
103,30,15,30,6.5,288.3,25.46,sesamum
104,50,60,30,5.46,288.3,25.46,sunflower
105,120,40,20,5.56,654.34,29.26666667,cotton
106,80,40,20,5.62,654.34,29.26666667,maize
107,20,40,20,5.32,654.34,29.26666667,moong
108,50,40,20,5.5,654.34,29.26666667,ragi
109,80,40,40,5.34,654.34,29.26666667,rice
110,30,15,30,6.54,654.34,29.26666667,sesamum
111,50,60,30,5.56,654.34,29.26666667,sunflower
112,20,60,20,6.18,288.3,25.46,horsegram
113,80,40,40,5.4,288.3,25.46,jowar
114,20,40,20,5.68,288.3,25.46,moong
115,50,40,20,5.62,288.3,25.46,ragi
116,80,40,40,5.32,288.3,25.46,rice
117,30,15,30,6.42,288.3,25.46,sesamum
118,50,60,30,5.68,288.3,25.46,sunflower
119,120,40,20,5.34,654.34,29.26666667,cotton
120,80,40,40,5.54,654.34,29.26666667,jowar
121,80,40,20,5.42,654.34,29.26666667,maize
122,50,40,20,5.56,654.34,29.26666667,ragi
123,80,40,40,5.68,654.34,29.26666667,rice
124,30,15,30,6.42,654.34,29.26666667,sesamum
125,20,60,20,5.9,288.3,25.46,horsegram
126,80,40,40,5.48,288.3,25.46,jowar
127,20,40,20,5.44,288.3,25.46,moong
128,50,40,20,5.58,288.3,25.46,ragi
129,80,40,40,5.52,288.3,25.46,rice
130,30,15,30,6.66,288.3,25.46,sesamum
131,120,40,20,5.4,654.34,29.26666667,cotton
132,80,40,40,5.32,654.34,29.26666667,jowar
133,80,40,20,5.68,654.34,29.26666667,maize
134,20,40,20,5.38,654.34,29.26666667,moong
135,50,40,20,5.44,654.34,29.26666667,ragi
136,80,40,40,5.58,654.34,29.26666667,rice
137,30,15,30,6.36,654.34,29.26666667,sesamum
138,20,60,20,5.84,288.3,25.46,horsegram
139,80,40,40,5.6,288.3,25.46,jowar
140,80,40,20,5.32,288.3,25.46,maize
141,20,40,20,5.4,288.3,25.46,moong
142,50,40,20,5.62,288.3,25.46,ragi
143,80,40,40,5.48,288.3,25.46,rice
144,30,15,30,6.34,288.3,25.46,sesamum
145,120,40,20,5.38,654.34,29.26666667,cotton
146,80,40,40,5.54,654.34,29.26666667,jowar
147,80,40,20,5.56,654.34,29.26666667,maize
148,20,40,20,5.68,654.34,29.26666667,moong
149,50,40,20,5.62,654.34,29.26666667,ragi
150,80,40,40,5.42,654.34,29.26666667,rice
151,30,15,30,6.64,654.34,29.26666667,sesamum
152,20,60,20,6.04,288.3,25.46,horsegram
153,80,40,40,5.38,288.3,25.46,jowar
154,80,40,20,5.42,288.3,25.46,maize
155,20,40,20,5.44,288.3,25.46,moong
156,50,40,20,5.52,288.3,25.46,ragi
157,80,40,40,5.36,288.3,25.46,rice
158,30,15,30,6.54,288.3,25.46,sesamum
159,120,40,20,5.52,654.34,29.26666667,cotton
160,80,40,20,5.4,654.34,29.26666667,maize
161,80,40,40,5.42,654.34,29.26666667,rice
162,30,15,30,6.36,654.34,29.26666667,sesamum
163,50,60,30,5.68,654.34,29.26666667,sunflower
164,20,60,20,6.04,288.3,25.46,horsegram
165,80,40,40,5.34,288.3,25.46,jowar
166,80,40,20,5.68,288.3,25.46,maize
167,80,40,40,5.42,288.3,25.46,rice
168,80,40,20,5.58,1712.66,11.2,maize
169,80,40,40,5.34,1712.66,11.2,rice
170,30,15,30,6.36,1712.66,11.2,sesamum
171,20,60,20,5.44,1712.66,11.2,soyabean
172,50,60,30,5.68,1712.66,11.2,sunflower
173,50,40,20,5.14,241.78,1.18,rapeseed
174,60,30,30,6.3,241.78,1.18,wheat
175,80,40,20,5.66,1712.66,11.2,maize
176,80,40,40,5.58,1712.66,11.2,rice
177,30,15,30,6.38,1712.66,11.2,sesamum
178,20,60,20,5.56,1712.66,11.2,soyabean
179,50,60,30,5.68,1712.66,11.2,sunflower
180,50,40,20,4.96,241.78,1.18,rapeseed
181,60,30,30,6.12,241.78,1.18,wheat
182,80,40,20,5.68,1712.66,11.2,maize
183,80,40,40,5.52,1712.66,11.2,rice
184,30,15,30,6.34,1712.66,11.2,sesamum
185,20,60,20,5.5,1712.66,11.2,soyabean
186,50,60,30,5.32,1712.66,11.2,sunflower
187,50,40,20,4.94,241.78,1.18,rapeseed
188,60,30,30,6.12,241.78,1.18,wheat
189,80,40,20,5.32,1712.66,11.2,maize
190,80,40,40,5.6,1712.66,11.2,rice
191,30,15,30,6.68,1712.66,11.2,sesamum
192,20,60,20,5.54,1712.66,11.2,soyabean
193,50,60,30,5.5,1712.66,11.2,sunflower
194,50,40,20,5.18,241.78,1.18,rapeseed
195,60,30,30,6.8,241.78,1.18,wheat
196,80,40,20,5.54,1712.66,11.2,maize
197,80,40,40,5.4,1712.66,11.2,rice
198,30,15,30,6.56,1712.66,11.2,sesamum
199,20,60,20,5.36,1712.66,11.2,soyabean
200,50,60,30,5.4,1712.66,11.2,sunflower
201,50,40,20,5.08,241.78,1.18,rapeseed
202,60,30,30,6.5,241.78,1.18,wheat
203,80,40,20,5.5,1712.66,11.2,maize
204,80,40,40,5.5,1712.66,11.2,rice
205,30,15,30,6.32,1712.66,11.2,sesamum
206,20,60,20,5.44,1712.66,11.2,soyabean
207,50,60,30,5.58,1712.66,11.2,sunflower
208,50,40,20,4.9,241.78,1.18,rapeseed
209,60,30,30,6.3,241.78,1.18,wheat
210,80,40,20,5.68,1712.66,11.2,maize
211,80,40,40,5.48,1712.66,11.2,rice
212,30,15,30,6.5,1712.66,11.2,sesamum
213,20,60,20,5.5,1712.66,11.2,soyabean
214,50,60,30,5.58,1712.66,11.2,sunflower
215,50,40,20,4.9,241.78,1.18,rapeseed
216,60,30,30,7,241.78,1.18,wheat
217,80,40,20,5.52,1712.66,11.2,maize
218,80,40,40,5.36,1712.66,11.2,rice
219,20,60,20,5.62,1712.66,11.2,soyabean
220,50,60,30,5.64,1712.66,11.2,sunflower
221,50,40,20,5.18,241.78,1.18,rapeseed
222,60,30,30,6.5,241.78,1.18,wheat
223,80,40,20,5.34,1712.66,11.2,maize
224,80,40,40,5.6,1712.66,11.2,rice
225,20,60,20,5.52,1712.66,11.2,soyabean
226,50,60,30,5.46,1712.66,11.2,sunflower
227,50,40,20,5.18,241.78,1.18,rapeseed
228,60,30,30,6.3,241.78,1.18,wheat
229,80,40,20,5.42,1712.66,11.2,maize
230,80,40,40,5.6,1712.66,11.2,rice
231,30,15,30,6.58,1712.66,11.2,sesamum
232,20,60,20,5.56,1712.66,11.2,soyabean
233,50,60,30,5.36,1712.66,11.2,sunflower
234,50,40,20,4.98,241.78,1.18,rapeseed
235,80,40,20,5.56,1712.66,11.2,maize
236,80,40,40,5.38,1712.66,11.2,rice
237,30,15,30,6.48,1712.66,11.2,sesamum
238,20,60,20,5.46,1712.66,11.2,soyabean
239,50,60,30,5.34,1712.66,11.2,sunflower
240,50,40,20,5.02,241.78,1.18,rapeseed
241,60,30,30,6.3,241.78,1.18,wheat
242,80,40,20,5.46,1712.66,11.2,maize
243,80,40,40,5.42,1712.66,11.2,rice
244,20,60,20,5.4,1712.66,11.2,soyabean
245,50,60,30,5.66,1712.66,11.2,sunflower
246,50,40,20,4.92,241.78,1.18,rapeseed
247,60,30,30,6.8,241.78,1.18,wheat
248,80,40,20,5.34,1712.66,11.2,maize
249,80,40,40,5.54,1712.66,11.2,rice
250,30,15,30,6.62,1712.66,11.2,sesamum
251,20,60,20,5.5,1712.66,11.2,soyabean
252,50,60,30,5.48,1712.66,11.2,sunflower
253,50,40,20,4.92,241.78,1.18,rapeseed
254,60,30,30,6.12,241.78,1.18,wheat
255,80,40,40,5.36,1543.76,27.33333333,rice
256,120,40,20,5.42,1543.76,27.33333333,cotton
257,80,40,40,5.48,1543.76,27.33333333,jute
258,80,40,20,5.46,1543.76,27.33333333,maize
259,50,40,20,4.92,127.68,20.8,rapeseed
260,60,30,30,6.3,127.68,20.8,wheat
261,80,40,40,5.52,497.88,25.03333333,rice
262,100,40,140,6.18,2169.32,23.73636364,arecanut
263,120,60,65,6.08,2169.32,23.73636364,onion
264,180,60,90,5.12,2169.32,23.73636364,potato
265,30,15,30,6.6,2169.32,23.73636364,sesamum
266,90,20,120,4.82,2169.32,23.73636364,sweetpotato
267,50,50,50,5.66,2169.32,23.73636364,tapioca
268,25,60,100,4.92,2169.32,23.73636364,turmeric
269,80,40,40,5.4,127.68,20.8,rice
270,80,40,40,5.52,1543.76,27.33333333,rice
271,120,40,20,5.46,1543.76,27.33333333,cotton
272,80,40,40,5.36,1543.76,27.33333333,jute
273,80,40,20,5.48,1543.76,27.33333333,maize
274,50,40,20,4.88,127.68,20.8,rapeseed
275,60,30,30,6.8,127.68,20.8,wheat
276,80,40,40,5.58,497.88,25.03333333,rice
277,100,40,140,5.98,2169.32,23.73636364,arecanut
278,120,60,65,5.84,2169.32,23.73636364,onion
279,180,60,90,4.96,2169.32,23.73636364,potato
280,30,15,30,6.36,2169.32,23.73636364,sesamum
281,90,20,120,4.84,2169.32,23.73636364,sweetpotato
282,50,50,50,5.62,2169.32,23.73636364,tapioca
283,25,60,100,4.94,2169.32,23.73636364,turmeric
284,80,40,40,5.34,127.68,20.8,rice
285,80,40,40,5.4,1543.76,27.33333333,rice
286,120,40,20,5.5,1543.76,27.33333333,cotton
287,80,40,40,5.32,1543.76,27.33333333,jute
288,80,40,20,5.64,1543.76,27.33333333,maize
289,50,40,20,4.98,127.68,20.8,rapeseed
290,60,30,30,6.6,127.68,20.8,wheat
291,80,40,40,5.62,497.88,25.03333333,rice
292,100,40,140,6,2169.32,23.73636364,arecanut
293,120,60,65,5.98,2169.32,23.73636364,onion
294,180,60,90,5.04,2169.32,23.73636364,potato
295,30,15,30,6.58,2169.32,23.73636364,sesamum
296,90,20,120,4.94,2169.32,23.73636364,sweetpotato
297,50,50,50,5.36,2169.32,23.73636364,tapioca
298,25,60,100,4.9,2169.32,23.73636364,turmeric
299,80,40,40,5.68,127.68,20.8,rice
300,80,40,40,5.58,1543.76,27.33333333,rice
301,120,40,20,5.5,1543.76,27.33333333,cotton
302,80,40,40,5.38,1543.76,27.33333333,jute
303,80,40,20,5.56,1543.76,27.33333333,maize
304,50,40,20,4.82,127.68,20.8,rapeseed
305,60,30,30,6.6,127.68,20.8,wheat
306,80,40,40,5.54,497.88,25.03333333,rice
307,100,40,140,6.06,2169.32,23.73636364,arecanut
308,120,60,65,6,2169.32,23.73636364,onion
309,180,60,90,4.94,2169.32,23.73636364,potato
310,30,15,30,6.58,2169.32,23.73636364,sesamum
311,90,20,120,5.14,2169.32,23.73636364,sweetpotato
312,50,50,50,5.48,2169.32,23.73636364,tapioca
313,25,60,100,4.84,2169.32,23.73636364,turmeric
314,80,40,40,5.4,127.68,20.8,rice
315,80,40,40,5.32,1543.76,27.33333333,rice
316,120,40,20,5.58,1543.76,27.33333333,cotton
317,80,40,40,5.36,1543.76,27.33333333,jute
318,80,40,20,5.42,1543.76,27.33333333,maize
319,50,40,20,5,127.68,20.8,rapeseed
320,60,30,30,6.12,127.68,20.8,wheat
321,80,40,40,5.48,497.88,25.03333333,rice
322,100,40,140,5.88,2169.32,23.73636364,arecanut
323,120,60,65,5.94,2169.32,23.73636364,onion
324,180,60,90,5.02,2169.32,23.73636364,potato
325,30,15,30,6.54,2169.32,23.73636364,sesamum
326,90,20,120,4.82,2169.32,23.73636364,sweetpotato
327,50,50,50,5.68,2169.32,23.73636364,tapioca
328,25,60,100,4.84,2169.32,23.73636364,turmeric
329,80,40,40,5.5,127.68,20.8,rice
330,80,40,40,5.58,1543.76,27.33333333,rice
331,120,40,20,5.44,1543.76,27.33333333,cotton
332,80,40,40,5.66,1543.76,27.33333333,jute
333,80,40,20,5.44,1543.76,27.33333333,maize
334,50,40,20,4.96,127.68,20.8,rapeseed
335,60,30,30,6.3,127.68,20.8,wheat
336,80,40,40,5.58,497.88,25.03333333,rice
337,100,40,140,6.14,2169.32,23.73636364,arecanut
338,120,60,65,6.08,2169.32,23.73636364,onion
339,180,60,90,5.04,2169.32,23.73636364,potato
340,30,15,30,6.44,2169.32,23.73636364,sesamum
341,90,20,120,5.04,2169.32,23.73636364,sweetpotato
342,50,50,50,5.36,2169.32,23.73636364,tapioca
343,25,60,100,4.92,2169.32,23.73636364,turmeric
344,80,40,40,5.6,127.68,20.8,rice
345,80,40,40,5.4,1543.76,27.33333333,rice
346,120,40,20,5.32,1543.76,27.33333333,cotton
347,80,40,40,5.52,1543.76,27.33333333,jute
348,80,40,20,5.6,1543.76,27.33333333,maize
349,50,40,20,5.14,127.68,20.8,rapeseed
350,60,30,30,6.7,127.68,20.8,wheat
351,80,40,40,5.5,497.88,25.03333333,rice
352,100,40,140,6.06,2169.32,23.73636364,arecanut
353,120,60,65,6.12,2169.32,23.73636364,onion
354,180,60,90,5.14,2169.32,23.73636364,potato
355,30,15,30,6.58,2169.32,23.73636364,sesamum
356,90,20,120,5.04,2169.32,23.73636364,sweetpotato
357,50,50,50,5.66,2169.32,23.73636364,tapioca
358,25,60,100,5.08,2169.32,23.73636364,turmeric
359,80,40,40,5.52,127.68,20.8,rice
360,80,40,40,5.32,1543.76,27.33333333,rice
361,120,40,20,5.4,1543.76,27.33333333,cotton
362,80,40,40,5.6,1543.76,27.33333333,jute
363,80,40,20,5.6,1543.76,27.33333333,maize
364,50,40,20,4.82,127.68,20.8,rapeseed
365,60,30,30,6.11,127.68,20.8,wheat
366,80,40,40,5.46,497.88,25.03333333,rice
367,100,40,140,5.9,2169.32,23.73636364,arecanut
368,120,60,65,6.1,2169.32,23.73636364,onion
369,180,60,90,4.94,2169.32,23.73636364,potato
370,30,15,30,6.48,2169.32,23.73636364,sesamum
371,90,20,120,4.96,2169.32,23.73636364,sweetpotato
372,50,50,50,5.44,2169.32,23.73636364,tapioca
373,25,60,100,5.02,2169.32,23.73636364,turmeric
374,80,40,40,5.46,127.68,20.8,rice
375,80,40,40,5.62,1543.76,27.33333333,rice
376,120,40,20,5.62,1543.76,27.33333333,cotton
377,80,40,40,5.68,1543.76,27.33333333,jute
378,80,40,20,5.46,1543.76,27.33333333,maize
379,50,40,20,5.1,127.68,20.8,rapeseed
380,60,30,30,6.5,127.68,20.8,wheat
381,80,40,40,5.34,497.88,25.03333333,rice
382,100,40,140,6.08,2169.32,23.73636364,arecanut
383,120,60,65,6,2169.32,23.73636364,onion
384,180,60,90,5.18,2169.32,23.73636364,potato
385,30,15,30,6.62,2169.32,23.73636364,sesamum
386,90,20,120,4.88,2169.32,23.73636364,sweetpotato
387,50,50,50,5.6,2169.32,23.73636364,tapioca
388,25,60,100,5.04,2169.32,23.73636364,turmeric
389,80,40,40,5.58,127.68,20.8,rice
390,80,40,40,5.36,1543.76,27.33333333,rice
391,120,40,20,5.48,1543.76,27.33333333,cotton
392,80,40,40,5.66,1543.76,27.33333333,jute
393,80,40,20,5.54,1543.76,27.33333333,maize
394,50,40,20,5.18,127.68,20.8,rapeseed
395,60,30,30,6.6,127.68,20.8,wheat
396,80,40,40,5.38,497.88,25.03333333,rice
397,100,40,140,6.02,2169.32,23.73636364,arecanut
398,120,60,65,6,2169.32,23.73636364,onion
399,180,60,90,5.1,2169.32,23.73636364,potato
400,30,15,30,6.68,2169.32,23.73636364,sesamum
401,90,20,120,5.1,2169.32,23.73636364,sweetpotato
402,50,50,50,5.52,2169.32,23.73636364,tapioca
403,25,60,100,5.08,2169.32,23.73636364,turmeric
404,80,40,40,5.32,127.68,20.8,rice
405,80,40,40,5.68,1543.76,27.33333333,rice
406,120,40,20,5.68,1543.76,27.33333333,cotton
407,80,40,40,5.34,1543.76,27.33333333,jute
408,80,40,20,5.38,1543.76,27.33333333,maize
409,50,40,20,4.9,127.68,20.8,rapeseed
410,80,40,40,5.52,497.88,25.03333333,rice
411,100,40,140,5.9,2169.32,23.73636364,arecanut
412,120,60,65,6.18,2169.32,23.73636364,onion
413,180,60,90,5.06,2169.32,23.73636364,potato
414,30,15,30,6.68,2169.32,23.73636364,sesamum
415,90,20,120,4.96,2169.32,23.73636364,sweetpotato
416,50,50,50,5.52,2169.32,23.73636364,tapioca
417,25,60,100,5.18,2169.32,23.73636364,turmeric
418,80,40,40,5.6,127.68,20.8,rice
419,80,40,40,5.62,1543.76,27.33333333,rice
420,120,40,20,5.32,1543.76,27.33333333,cotton
421,80,40,40,5.66,1543.76,27.33333333,jute
422,80,40,20,5.62,1543.76,27.33333333,maize
423,50,40,20,5.04,127.68,20.8,rapeseed
424,60,30,30,6.12,127.68,20.8,wheat
425,80,40,40,5.44,497.88,25.03333333,rice
426,100,40,140,6.02,2169.32,23.73636364,arecanut
427,120,60,65,6.08,2169.32,23.73636364,onion
428,180,60,90,5.04,2169.32,23.73636364,potato
429,30,15,30,6.5,2169.32,23.73636364,sesamum
430,90,20,120,4.94,2169.32,23.73636364,sweetpotato
431,50,50,50,5.32,2169.32,23.73636364,tapioca
432,25,60,100,4.86,2169.32,23.73636364,turmeric
433,80,40,40,5.52,127.68,20.8,rice
434,80,40,40,5.46,1543.76,27.33333333,rice
435,120,40,20,5.56,1543.76,27.33333333,cotton
436,80,40,40,5.66,1543.76,27.33333333,jute
437,80,40,20,5.62,1543.76,27.33333333,maize
438,50,40,20,5,127.68,20.8,rapeseed
439,60,30,30,6.12,127.68,20.8,wheat
440,80,40,40,5.34,497.88,25.03333333,rice
441,100,40,140,6.14,2169.32,23.73636364,arecanut
442,120,60,65,6.16,2169.32,23.73636364,onion
443,180,60,90,4.84,2169.32,23.73636364,potato
444,30,15,30,6.32,2169.32,23.73636364,sesamum
445,90,20,120,5.1,2169.32,23.73636364,sweetpotato
446,50,50,50,5.44,2169.32,23.73636364,tapioca
447,25,60,100,5.14,2169.32,23.73636364,turmeric
448,80,40,40,5.32,127.68,20.8,rice
449,80,40,40,5.6,1543.76,27.33333333,rice
450,120,40,20,5.6,1543.76,27.33333333,cotton
451,80,40,40,5.32,1543.76,27.33333333,jute
452,80,40,20,5.44,1543.76,27.33333333,maize
453,50,40,20,4.94,127.68,20.8,rapeseed
454,60,30,30,6.12,127.68,20.8,wheat
455,80,40,40,5.44,497.88,25.03333333,rice
456,100,40,140,6.18,2169.32,23.73636364,arecanut
457,120,60,65,5.98,2169.32,23.73636364,onion
458,180,60,90,4.96,2169.32,23.73636364,potato
459,30,15,30,6.32,2169.32,23.73636364,sesamum
460,90,20,120,4.84,2169.32,23.73636364,sweetpotato
461,50,50,50,5.62,2169.32,23.73636364,tapioca
462,25,60,100,5.12,2169.32,23.73636364,turmeric
463,80,40,40,5.6,127.68,20.8,rice
464,80,40,40,5.64,1543.76,27.33333333,rice
465,120,40,20,5.52,1543.76,27.33333333,cotton
466,80,40,40,5.58,1543.76,27.33333333,jute
467,80,40,20,5.36,1543.76,27.33333333,maize
468,50,40,20,5.1,127.68,20.8,rapeseed
469,80,40,40,5.32,497.88,25.03333333,rice
470,100,40,140,5.86,2169.32,23.73636364,arecanut
471,120,60,65,5.84,2169.32,23.73636364,onion
472,180,60,90,5.1,2169.32,23.73636364,potato
473,30,15,30,6.5,2169.32,23.73636364,sesamum
474,90,20,120,4.9,2169.32,23.73636364,sweetpotato
475,50,50,50,5.52,2169.32,23.73636364,tapioca
476,25,60,100,5.02,2169.32,23.73636364,turmeric
477,80,40,40,5.5,127.68,20.8,rice
478,80,40,40,5.5,1543.76,27.33333333,rice
479,80,40,40,5.48,1543.76,27.33333333,jute
480,80,40,20,5.46,1543.76,27.33333333,maize
481,50,40,20,4.96,127.68,20.8,rapeseed
482,60,30,30,6.6,127.68,20.8,wheat
483,80,40,40,5.34,497.88,25.03333333,rice
484,100,40,140,5.86,2169.32,23.73636364,arecanut
485,120,60,65,5.94,2169.32,23.73636364,onion
486,180,60,90,5.02,2169.32,23.73636364,potato
487,30,15,30,6.54,2169.32,23.73636364,sesamum
488,90,20,120,4.88,2169.32,23.73636364,sweetpotato
489,50,50,50,5.58,2169.32,23.73636364,tapioca
490,25,60,100,4.82,2169.32,23.73636364,turmeric
491,80,40,40,5.62,127.68,20.8,rice
492,80,40,40,5.52,1543.76,27.33333333,rice
493,120,40,20,5.64,1543.76,27.33333333,cotton
494,80,40,40,5.42,1543.76,27.33333333,jute
495,80,40,20,5.56,1543.76,27.33333333,maize
496,50,40,20,5.04,127.68,20.8,rapeseed
497,60,30,30,6.3,127.68,20.8,wheat
498,80,40,40,5.4,497.88,25.03333333,rice
499,100,40,140,6.02,2169.32,23.73636364,arecanut
500,120,60,65,6.12,2169.32,23.73636364,onion
501,180,60,90,4.98,2169.32,23.73636364,potato
502,30,15,30,6.44,2169.32,23.73636364,sesamum
503,90,20,120,5.02,2169.32,23.73636364,sweetpotato
504,50,50,50,5.5,2169.32,23.73636364,tapioca
505,25,60,100,5,2169.32,23.73636364,turmeric
506,80,40,40,5.62,127.68,20.8,rice
507,80,40,40,5.68,1543.76,27.33333333,rice
508,120,40,20,5.4,1543.76,27.33333333,cotton
509,80,40,40,5.44,1543.76,27.33333333,jute
510,80,40,20,5.62,1543.76,27.33333333,maize
511,50,40,20,4.92,127.68,20.8,rapeseed
512,60,30,30,6.4,127.68,20.8,wheat
513,80,40,40,5.42,497.88,25.03333333,rice
514,100,40,140,6.12,2169.32,23.73636364,arecanut
515,120,60,65,5.84,2169.32,23.73636364,onion
516,180,60,90,4.86,2169.32,23.73636364,potato
517,30,15,30,6.36,2169.32,23.73636364,sesamum
518,90,20,120,5.08,2169.32,23.73636364,sweetpotato
519,50,50,50,5.48,2169.32,23.73636364,tapioca
520,25,60,100,5.08,2169.32,23.73636364,turmeric
521,80,40,40,5.64,127.68,20.8,rice
522,80,40,40,5.32,1543.76,27.33333333,rice
523,120,40,20,5.52,1543.76,27.33333333,cotton
524,80,40,40,5.58,1543.76,27.33333333,jute
525,80,40,20,5.36,1543.76,27.33333333,maize
526,50,40,20,4.96,127.68,20.8,rapeseed
527,60,30,30,6.9,127.68,20.8,wheat
528,80,40,40,5.52,497.88,25.03333333,rice
529,100,40,140,6,2169.32,23.73636364,arecanut
530,120,60,65,6.12,2169.32,23.73636364,onion
531,180,60,90,4.9,2169.32,23.73636364,potato
532,30,15,30,6.6,2169.32,23.73636364,sesamum
533,90,20,120,5.18,2169.32,23.73636364,sweetpotato
534,50,50,50,5.64,2169.32,23.73636364,tapioca
535,25,60,100,5.1,2169.32,23.73636364,turmeric
536,80,40,40,5.54,127.68,20.8,rice
537,80,40,40,5.68,1543.76,27.33333333,rice
538,120,40,20,5.64,1543.76,27.33333333,cotton
539,80,40,40,5.6,1543.76,27.33333333,jute
540,80,40,20,5.62,1543.76,27.33333333,maize
541,50,40,20,4.86,127.68,20.8,rapeseed
542,60,30,30,6.3,127.68,20.8,wheat
543,80,40,40,5.46,497.88,25.03333333,rice
544,100,40,140,6.18,2169.32,23.73636364,arecanut
545,120,60,65,6.12,2169.32,23.73636364,onion
546,180,60,90,5.12,2169.32,23.73636364,potato
547,30,15,30,6.52,2169.32,23.73636364,sesamum
548,90,20,120,4.92,2169.32,23.73636364,sweetpotato
549,50,50,50,5.4,2169.32,23.73636364,tapioca
550,25,60,100,4.84,2169.32,23.73636364,turmeric
551,80,40,40,5.66,127.68,20.8,rice
552,80,40,40,5.64,1543.76,27.33333333,rice
553,120,40,20,5.32,1543.76,27.33333333,cotton
554,80,40,40,5.32,1543.76,27.33333333,jute
555,80,40,20,5.34,1543.76,27.33333333,maize
556,50,40,20,4.84,127.68,20.8,rapeseed
557,60,30,30,6.9,127.68,20.8,wheat
558,80,40,40,5.68,497.88,25.03333333,rice
559,100,40,140,5.94,2169.32,23.73636364,arecanut
560,120,60,65,6.04,2169.32,23.73636364,onion
561,180,60,90,4.82,2169.32,23.73636364,potato
562,30,15,30,6.38,2169.32,23.73636364,sesamum
563,90,20,120,4.9,2169.32,23.73636364,sweetpotato
564,50,50,50,5.54,2169.32,23.73636364,tapioca
565,25,60,100,5.16,2169.32,23.73636364,turmeric
566,80,40,40,5.46,127.68,20.8,rice
567,80,40,40,5.36,1543.76,27.33333333,rice
568,120,40,20,5.48,1543.76,27.33333333,cotton
569,80,40,40,5.52,1543.76,27.33333333,jute
570,80,40,20,5.56,1543.76,27.33333333,maize
571,50,40,20,5.12,127.68,20.8,rapeseed
572,60,30,30,6.6,127.68,20.8,wheat
573,80,40,40,5.32,497.88,25.03333333,rice
574,100,40,140,6.04,2169.32,23.73636364,arecanut
575,120,60,65,5.9,2169.32,23.73636364,onion
576,180,60,90,5,2169.32,23.73636364,potato
577,30,15,30,6.34,2169.32,23.73636364,sesamum
578,90,20,120,5.1,2169.32,23.73636364,sweetpotato
579,50,50,50,5.34,2169.32,23.73636364,tapioca
580,25,60,100,5.14,2169.32,23.73636364,turmeric
581,80,40,40,5.68,127.68,20.8,rice
582,80,40,40,5.38,1543.76,27.33333333,rice
583,80,40,40,5.6,1543.76,27.33333333,jute
584,80,40,20,5.48,1543.76,27.33333333,maize
585,50,40,20,4.84,127.68,20.8,rapeseed
586,60,30,30,6.8,127.68,20.8,wheat
587,80,40,40,5.36,497.88,25.03333333,rice
588,100,40,140,6.02,2169.32,23.73636364,arecanut
589,120,60,65,6.16,2169.32,23.73636364,onion
590,180,60,90,4.84,2169.32,23.73636364,potato
591,30,15,30,6.52,2169.32,23.73636364,sesamum
592,90,20,120,5.06,2169.32,23.73636364,sweetpotato
593,50,50,50,5.38,2169.32,23.73636364,tapioca
594,25,60,100,5.02,2169.32,23.73636364,turmeric
595,80,40,40,5.64,127.68,20.8,rice
596,80,40,40,5.46,840.46,33.58333333,rice
597,80,40,40,5.56,840.46,33.58333333,jute
598,80,40,20,5.34,840.46,33.58333333,maize
599,30,15,30,6.34,840.46,33.58333333,sesamum
600,70,40,45,5.64,87.2,23.106,barley
601,80,40,20,5.4,87.2,23.106,maize
602,50,40,20,4.88,87.2,23.106,rapeseed
603,50,60,30,5.36,87.2,23.106,sunflower
604,60,30,30,6.11,87.2,23.106,wheat
605,80,40,20,5.38,98.98,34.92333333,maize
606,80,40,40,5.44,98.98,34.92333333,rice
607,100,75,50,6.64,1026.64,29.18636364,banana
608,10,20,20,6.38,1026.64,29.18636364,coriander
609,50,10,60,5.52,1026.64,29.18636364,garlic
610,120,60,65,6.12,1026.64,29.18636364,onion
611,180,60,90,4.9,1026.64,29.18636364,potato
612,50,40,20,5.58,1026.64,29.18636364,ragi
613,90,20,120,5.06,1026.64,29.18636364,sweetpotato
614,25,60,100,5.04,1026.64,29.18636364,turmeric
615,80,40,40,5.36,87.2,23.106,rice
616,80,40,20,5.32,840.46,33.58333333,maize
617,30,15,30,6.42,840.46,33.58333333,sesamum
618,70,40,45,5.36,87.2,23.106,barley
619,80,40,20,5.46,87.2,23.106,maize
620,50,40,20,4.92,87.2,23.106,rapeseed
621,50,60,30,5.68,87.2,23.106,sunflower
622,60,30,30,6.11,87.2,23.106,wheat
623,80,40,20,5.52,98.98,34.92333333,maize
624,80,40,40,5.52,98.98,34.92333333,rice
625,10,20,20,6.5,1026.64,29.18636364,coriander
626,120,60,65,6.02,1026.64,29.18636364,onion
627,180,60,90,5,1026.64,29.18636364,potato
628,50,40,20,5.4,1026.64,29.18636364,ragi
629,90,20,120,4.92,1026.64,29.18636364,sweetpotato
630,25,60,100,4.98,1026.64,29.18636364,turmeric
631,80,40,40,5.58,87.2,23.106,rice
632,80,40,40,5.42,840.46,33.58333333,rice
633,80,40,20,5.5,840.46,33.58333333,maize
634,30,15,30,6.54,840.46,33.58333333,sesamum
635,70,40,45,5.54,87.2,23.106,barley
636,80,40,20,5.46,87.2,23.106,maize
637,50,40,20,5.16,87.2,23.106,rapeseed
638,50,60,30,5.36,87.2,23.106,sunflower
639,60,30,30,6.4,87.2,23.106,wheat
640,80,40,20,5.5,98.98,34.92333333,maize
641,80,40,40,5.66,98.98,34.92333333,rice
642,50,10,60,5.56,1026.64,29.18636364,garlic
643,120,60,65,5.98,1026.64,29.18636364,onion
644,180,60,90,5.06,1026.64,29.18636364,potato
645,50,40,20,5.4,1026.64,29.18636364,ragi
646,80,40,40,5.66,87.2,23.106,rice
647,80,40,40,5.52,840.46,33.58333333,rice
648,80,40,20,5.52,840.46,33.58333333,maize
649,30,15,30,6.68,840.46,33.58333333,sesamum
650,70,40,45,5.38,87.2,23.106,barley
651,80,40,20,5.68,87.2,23.106,maize
652,50,40,20,4.86,87.2,23.106,rapeseed
653,50,60,30,5.4,87.2,23.106,sunflower
654,60,30,30,6.12,87.2,23.106,wheat
655,80,40,20,5.36,98.98,34.92333333,maize
656,80,40,40,5.46,98.98,34.92333333,rice
657,100,75,50,6.56,1026.64,29.18636364,banana
658,10,20,20,6.34,1026.64,29.18636364,coriander
659,50,10,60,5.64,1026.64,29.18636364,garlic
660,120,60,65,5.94,1026.64,29.18636364,onion
661,180,60,90,5.12,1026.64,29.18636364,potato
662,50,40,20,5.54,1026.64,29.18636364,ragi
663,90,20,120,5.02,1026.64,29.18636364,sweetpotato
664,25,60,100,4.86,1026.64,29.18636364,turmeric
665,80,40,40,5.66,87.2,23.106,rice
666,80,40,40,5.68,840.46,33.58333333,rice
667,80,40,20,5.38,840.46,33.58333333,maize
668,30,15,30,6.42,840.46,33.58333333,sesamum
669,70,40,45,5.56,87.2,23.106,barley
670,80,40,20,5.44,87.2,23.106,maize
671,50,40,20,5,87.2,23.106,rapeseed
672,50,60,30,5.6,87.2,23.106,sunflower
673,60,30,30,6.1,87.2,23.106,wheat
674,80,40,20,5.52,98.98,34.92333333,maize
675,80,40,40,5.62,98.98,34.92333333,rice
676,100,75,50,6.36,1026.64,29.18636364,banana
677,10,20,20,6.36,1026.64,29.18636364,coriander
678,50,10,60,5.54,1026.64,29.18636364,garlic
679,120,60,65,5.98,1026.64,29.18636364,onion
680,180,60,90,5.18,1026.64,29.18636364,potato
681,90,20,120,4.88,1026.64,29.18636364,sweetpotato
682,25,60,100,4.84,1026.64,29.18636364,turmeric
683,80,40,40,5.44,87.2,23.106,rice
684,80,40,40,5.4,840.46,33.58333333,rice
685,80,40,40,5.32,840.46,33.58333333,jowar
686,80,40,20,5.48,840.46,33.58333333,maize
687,30,15,30,6.44,840.46,33.58333333,sesamum
688,70,40,45,5.4,87.2,23.106,barley
689,80,40,20,5.56,87.2,23.106,maize
690,50,40,20,5.06,87.2,23.106,rapeseed
691,60,30,30,6.4,87.2,23.106,wheat
692,80,40,20,5.34,98.98,34.92333333,maize
693,80,40,40,5.38,98.98,34.92333333,rice
694,10,20,20,6.34,1026.64,29.18636364,coriander
695,50,10,60,5.66,1026.64,29.18636364,garlic
696,120,60,65,5.94,1026.64,29.18636364,onion
697,180,60,90,4.86,1026.64,29.18636364,potato
698,50,40,20,5.34,1026.64,29.18636364,ragi
699,80,40,40,5.52,87.2,23.106,rice
700,80,40,40,5.42,840.46,33.58333333,jowar
701,80,40,20,5.36,840.46,33.58333333,maize
702,30,15,30,6.68,840.46,33.58333333,sesamum
703,70,40,45,5.46,87.2,23.106,barley
704,50,40,20,4.86,87.2,23.106,rapeseed
705,50,60,30,5.38,87.2,23.106,sunflower
706,60,30,30,6.11,87.2,23.106,wheat
707,80,40,20,5.42,98.98,34.92333333,maize
708,80,40,40,5.6,98.98,34.92333333,rice
709,10,20,20,6.44,1026.64,29.18636364,coriander
710,50,10,60,5.34,1026.64,29.18636364,garlic
711,120,60,65,6,1026.64,29.18636364,onion
712,180,60,90,4.92,1026.64,29.18636364,potato
713,50,40,20,5.44,1026.64,29.18636364,ragi
714,80,40,40,5.64,87.2,23.106,rice
715,80,40,40,5.6,840.46,33.58333333,rice
716,80,40,20,5.54,840.46,33.58333333,maize
717,30,15,30,6.58,840.46,33.58333333,sesamum
718,70,40,45,5.5,87.2,23.106,barley
719,80,40,20,5.38,87.2,23.106,maize
720,50,40,20,5.1,87.2,23.106,rapeseed
721,50,60,30,5.36,87.2,23.106,sunflower
722,60,30,30,6.5,87.2,23.106,wheat
723,80,40,20,5.6,98.98,34.92333333,maize
724,80,40,40,5.46,98.98,34.92333333,rice
725,100,75,50,6.44,1026.64,29.18636364,banana
726,10,20,20,6.62,1026.64,29.18636364,coriander
727,50,10,60,5.4,1026.64,29.18636364,garlic
728,120,60,65,5.98,1026.64,29.18636364,onion
729,180,60,90,5.12,1026.64,29.18636364,potato
730,50,40,20,5.56,1026.64,29.18636364,ragi
731,90,20,120,4.88,1026.64,29.18636364,sweetpotato
732,25,60,100,5.12,1026.64,29.18636364,turmeric
733,80,40,40,5.6,87.2,23.106,rice
734,80,40,40,5.54,840.46,33.58333333,rice
735,80,40,40,5.66,840.46,33.58333333,jowar
736,80,40,40,5.54,840.46,33.58333333,jute
737,80,40,20,5.66,840.46,33.58333333,maize
738,30,15,30,6.5,840.46,33.58333333,sesamum
739,70,40,45,5.62,87.2,23.106,barley
740,80,40,20,5.4,87.2,23.106,maize
741,50,40,20,5.16,87.2,23.106,rapeseed
742,50,60,30,5.36,87.2,23.106,sunflower
743,60,30,30,6.3,87.2,23.106,wheat
744,80,40,20,5.56,98.98,34.92333333,maize
745,80,40,40,5.34,98.98,34.92333333,rice
746,10,20,20,6.36,1026.64,29.18636364,coriander
747,50,10,60,5.42,1026.64,29.18636364,garlic
748,120,60,65,5.86,1026.64,29.18636364,onion
749,180,60,90,5.06,1026.64,29.18636364,potato
750,50,40,20,5.66,1026.64,29.18636364,ragi
751,90,20,120,4.9,1026.64,29.18636364,sweetpotato
752,25,60,100,5.18,1026.64,29.18636364,turmeric
753,80,40,40,5.66,87.2,23.106,rice
754,80,40,40,5.46,840.46,33.58333333,rice
755,80,40,20,5.52,840.46,33.58333333,maize
756,70,40,45,5.64,87.2,23.106,barley
757,80,40,20,5.32,87.2,23.106,maize
758,50,40,20,4.92,87.2,23.106,rapeseed
759,50,60,30,5.32,87.2,23.106,sunflower
760,60,30,30,6.9,87.2,23.106,wheat
761,80,40,20,5.54,98.98,34.92333333,maize
762,80,40,40,5.5,98.98,34.92333333,rice
763,100,75,50,6.68,1026.64,29.18636364,banana
764,10,20,20,6.68,1026.64,29.18636364,coriander
765,50,10,60,5.54,1026.64,29.18636364,garlic
766,120,60,65,5.9,1026.64,29.18636364,onion
767,180,60,90,4.92,1026.64,29.18636364,potato
768,50,40,20,5.64,1026.64,29.18636364,ragi
769,90,20,120,4.84,1026.64,29.18636364,sweetpotato
770,80,40,40,5.34,87.2,23.106,rice
771,80,40,20,5.32,840.46,33.58333333,maize
772,70,40,45,5.66,87.2,23.106,barley
773,80,40,20,5.4,87.2,23.106,maize
774,50,40,20,5.06,87.2,23.106,rapeseed
775,60,30,30,6.11,87.2,23.106,wheat
776,80,40,20,5.68,98.98,34.92333333,maize
777,80,40,40,5.42,98.98,34.92333333,rice
778,120,60,65,5.82,1026.64,29.18636364,onion
779,180,60,90,5.06,1026.64,29.18636364,potato
780,50,40,20,5.46,1026.64,29.18636364,ragi
781,80,40,40,5.6,87.2,23.106,rice
782,80,40,40,5.58,840.46,33.58333333,rice
783,80,40,20,5.44,840.46,33.58333333,maize
784,30,15,30,6.4,840.46,33.58333333,sesamum
785,70,40,45,5.32,87.2,23.106,barley
786,80,40,20,5.54,87.2,23.106,maize
787,50,40,20,4.96,87.2,23.106,rapeseed
788,50,60,30,5.58,87.2,23.106,sunflower
789,60,30,30,6.5,87.2,23.106,wheat
790,80,40,20,5.58,98.98,34.92333333,maize
791,80,40,40,5.38,98.98,34.92333333,rice
792,10,20,20,6.56,1026.64,29.18636364,coriander
793,120,60,65,6.02,1026.64,29.18636364,onion
794,180,60,90,5.02,1026.64,29.18636364,potato
795,80,40,40,5.66,87.2,23.106,rice
796,80,40,40,5.36,840.46,33.58333333,rice
797,80,40,40,5.58,840.46,33.58333333,jowar
798,80,40,20,5.36,840.46,33.58333333,maize
799,30,15,30,6.34,840.46,33.58333333,sesamum
800,70,40,45,5.5,87.2,23.106,barley
801,50,40,20,5.1,87.2,23.106,rapeseed
802,60,30,30,6.8,87.2,23.106,wheat
803,80,40,20,5.34,98.98,34.92333333,maize
804,10,20,20,6.52,1026.64,29.18636364,coriander
805,120,60,65,6.16,1026.64,29.18636364,onion
806,180,60,90,5.1,1026.64,29.18636364,potato
807,50,40,20,5.32,1026.64,29.18636364,ragi
808,90,20,120,5.14,1026.64,29.18636364,sweetpotato
809,25,60,100,5.08,1026.64,29.18636364,turmeric
810,80,40,40,5.54,87.2,23.106,rice
811,80,40,40,5.62,840.46,33.58333333,rice
812,80,40,40,5.44,840.46,33.58333333,jowar
813,80,40,40,5.54,840.46,33.58333333,jute
814,80,40,20,5.44,840.46,33.58333333,maize
815,30,15,30,6.46,840.46,33.58333333,sesamum
816,70,40,45,5.5,87.2,23.106,barley
817,80,40,20,5.64,87.2,23.106,maize
818,50,40,20,5.02,87.2,23.106,rapeseed
819,50,60,30,5.62,87.2,23.106,sunflower
820,60,30,30,6.8,87.2,23.106,wheat
821,80,40,20,5.34,98.98,34.92333333,maize
822,80,40,40,5.56,98.98,34.92333333,rice
823,100,75,50,6.42,1026.64,29.18636364,banana
824,10,20,20,6.38,1026.64,29.18636364,coriander
825,50,10,60,5.48,1026.64,29.18636364,garlic
826,120,60,65,5.96,1026.64,29.18636364,onion
827,180,60,90,4.84,1026.64,29.18636364,potato
828,50,40,20,5.6,1026.64,29.18636364,ragi
829,90,20,120,5.06,1026.64,29.18636364,sweetpotato
830,25,60,100,5,1026.64,29.18636364,turmeric
831,80,40,40,5.58,87.2,23.106,rice
832,80,40,40,5.56,840.46,33.58333333,rice
833,80,40,40,5.38,840.46,33.58333333,jowar
834,80,40,20,5.46,840.46,33.58333333,maize
835,30,15,30,6.4,840.46,33.58333333,sesamum
836,70,40,45,5.4,87.2,23.106,barley
837,80,40,20,5.38,87.2,23.106,maize
838,50,40,20,5.12,87.2,23.106,rapeseed
839,50,60,30,5.34,87.2,23.106,sunflower
840,60,30,30,6.6,87.2,23.106,wheat
841,80,40,20,5.5,98.98,34.92333333,maize
842,80,40,40,5.66,98.98,34.92333333,rice
843,100,75,50,6.68,1026.64,29.18636364,banana
844,10,20,20,6.54,1026.64,29.18636364,coriander
845,50,10,60,5.38,1026.64,29.18636364,garlic
846,120,60,65,6.14,1026.64,29.18636364,onion
847,180,60,90,4.96,1026.64,29.18636364,potato
848,50,40,20,5.68,1026.64,29.18636364,ragi
849,90,20,120,5,1026.64,29.18636364,sweetpotato
850,25,60,100,5.08,1026.64,29.18636364,turmeric
851,80,40,40,5.34,87.2,23.106,rice
852,80,40,40,5.48,840.46,33.58333333,rice
853,80,40,40,5.34,840.46,33.58333333,jute
854,80,40,20,5.32,840.46,33.58333333,maize
855,30,15,30,6.58,840.46,33.58333333,sesamum
856,70,40,45,5.58,87.2,23.106,barley
857,80,40,20,5.44,87.2,23.106,maize
858,50,40,20,5.1,87.2,23.106,rapeseed
859,50,60,30,5.56,87.2,23.106,sunflower
860,60,30,30,6.4,87.2,23.106,wheat
861,80,40,20,5.54,98.98,34.92333333,maize
862,80,40,40,5.42,98.98,34.92333333,rice
863,100,75,50,6.42,1026.64,29.18636364,banana
864,10,20,20,6.32,1026.64,29.18636364,coriander
865,50,10,60,5.42,1026.64,29.18636364,garlic
866,120,60,65,5.88,1026.64,29.18636364,onion
867,180,60,90,5.04,1026.64,29.18636364,potato
868,50,40,20,5.34,1026.64,29.18636364,ragi
869,90,20,120,5,1026.64,29.18636364,sweetpotato
870,25,60,100,4.84,1026.64,29.18636364,turmeric
871,80,40,40,5.66,87.2,23.106,rice
872,70,40,45,5.64,87.2,23.106,barley
873,80,40,20,5.4,87.2,23.106,maize
874,50,40,20,5.04,87.2,23.106,rapeseed
875,60,30,30,6.5,87.2,23.106,wheat
876,80,40,20,5.34,98.98,34.92333333,maize
877,120,60,65,6.16,1026.64,29.18636364,onion
878,180,60,90,4.92,1026.64,29.18636364,potato
879,80,40,40,5.5,87.2,23.106,rice
880,80,40,40,5.44,840.46,33.58333333,rice
881,80,40,40,5.38,840.46,33.58333333,jute
882,80,40,20,5.36,840.46,33.58333333,maize
883,30,15,30,6.38,840.46,33.58333333,sesamum
884,70,40,45,5.44,87.2,23.106,barley
885,80,40,20,5.34,87.2,23.106,maize
886,50,40,20,4.88,87.2,23.106,rapeseed
887,50,60,30,5.36,87.2,23.106,sunflower
888,60,30,30,6.3,87.2,23.106,wheat
889,80,40,20,5.44,98.98,34.92333333,maize
890,80,40,40,5.36,98.98,34.92333333,rice
891,100,75,50,6.42,1026.64,29.18636364,banana
892,50,10,60,5.48,1026.64,29.18636364,garlic
893,120,60,65,5.98,1026.64,29.18636364,onion
894,180,60,90,5.16,1026.64,29.18636364,potato
895,50,40,20,5.56,1026.64,29.18636364,ragi
896,90,20,120,4.84,1026.64,29.18636364,sweetpotato
897,25,60,100,5.04,1026.64,29.18636364,turmeric
898,80,40,40,5.64,87.2,23.106,rice
899,80,40,40,5.48,840.46,33.58333333,rice
900,80,40,20,5.32,840.46,33.58333333,maize
901,30,15,30,6.32,840.46,33.58333333,sesamum
902,70,40,45,5.52,87.2,23.106,barley
903,80,40,20,5.52,87.2,23.106,maize
904,50,40,20,5.02,87.2,23.106,rapeseed
905,50,60,30,5.6,87.2,23.106,sunflower
906,60,30,30,6.1,87.2,23.106,wheat
907,80,40,20,5.54,98.98,34.92333333,maize
908,80,40,40,5.64,98.98,34.92333333,rice
909,100,75,50,6.4,1026.64,29.18636364,banana
910,10,20,20,6.52,1026.64,29.18636364,coriander
911,50,10,60,5.48,1026.64,29.18636364,garlic
912,120,60,65,5.88,1026.64,29.18636364,onion
913,180,60,90,4.9,1026.64,29.18636364,potato
914,50,40,20,5.64,1026.64,29.18636364,ragi
915,90,20,120,4.94,1026.64,29.18636364,sweetpotato
916,25,60,100,4.88,1026.64,29.18636364,turmeric
917,80,40,40,5.52,87.2,23.106,rice
918,80,40,40,5.6,840.46,33.58333333,rice
919,80,40,20,5.38,840.46,33.58333333,maize
920,70,40,45,5.64,87.2,23.106,barley
921,80,40,20,5.62,87.2,23.106,maize
922,50,40,20,4.9,87.2,23.106,rapeseed
923,50,60,30,5.36,87.2,23.106,sunflower
924,60,30,30,7,87.2,23.106,wheat
925,80,40,20,5.46,98.98,34.92333333,maize
926,80,40,40,5.58,98.98,34.92333333,rice
927,10,20,20,6.48,1026.64,29.18636364,coriander
928,120,60,65,5.92,1026.64,29.18636364,onion
929,180,60,90,5,1026.64,29.18636364,potato
930,50,40,20,5.46,1026.64,29.18636364,ragi
931,90,20,120,4.88,1026.64,29.18636364,sweetpotato
932,80,40,40,5.54,87.2,23.106,rice
933,80,40,40,5.44,840.46,33.58333333,rice
934,80,40,40,5.66,840.46,33.58333333,jowar
935,80,40,40,5.66,840.46,33.58333333,jute
936,80,40,20,5.68,840.46,33.58333333,maize
937,30,15,30,6.36,840.46,33.58333333,sesamum
938,70,40,45,5.54,87.2,23.106,barley
939,80,40,20,5.44,87.2,23.106,maize
940,50,40,20,4.88,87.2,23.106,rapeseed
941,50,60,30,5.6,87.2,23.106,sunflower
942,60,30,30,6.8,87.2,23.106,wheat
943,80,40,20,5.56,98.98,34.92333333,maize
944,80,40,40,5.68,98.98,34.92333333,rice
945,100,75,50,6.68,1026.64,29.18636364,banana
946,10,20,20,6.5,1026.64,29.18636364,coriander
947,50,10,60,5.6,1026.64,29.18636364,garlic
948,120,60,65,6,1026.64,29.18636364,onion
949,180,60,90,4.98,1026.64,29.18636364,potato
950,50,40,20,5.6,1026.64,29.18636364,ragi
951,90,20,120,4.82,1026.64,29.18636364,sweetpotato
952,25,60,100,5.06,1026.64,29.18636364,turmeric
953,80,40,40,5.5,87.2,23.106,rice
954,80,40,20,5.66,840.46,33.58333333,maize
955,30,15,30,6.32,840.46,33.58333333,sesamum
956,70,40,45,5.68,87.2,23.106,barley
957,80,40,20,5.56,87.2,23.106,maize
958,50,40,20,4.86,87.2,23.106,rapeseed
959,50,60,30,5.42,87.2,23.106,sunflower
960,60,30,30,6.12,87.2,23.106,wheat
961,80,40,20,5.34,98.98,34.92333333,maize
962,80,40,40,5.46,98.98,34.92333333,rice
963,10,20,20,6.64,1026.64,29.18636364,coriander
964,120,60,65,5.86,1026.64,29.18636364,onion
965,180,60,90,4.82,1026.64,29.18636364,potato
966,50,40,20,5.44,1026.64,29.18636364,ragi
967,80,40,40,5.5,87.2,23.106,rice
968,80,40,40,5.6,840.46,33.58333333,rice
969,80,40,20,5.58,840.46,33.58333333,maize
970,30,15,30,6.36,840.46,33.58333333,sesamum
971,70,40,45,5.34,87.2,23.106,barley
972,80,40,20,5.36,87.2,23.106,maize
973,50,40,20,5.02,87.2,23.106,rapeseed
974,50,60,30,5.6,87.2,23.106,sunflower
975,60,30,30,6.9,87.2,23.106,wheat
976,80,40,20,5.36,98.98,34.92333333,maize
977,80,40,40,5.62,98.98,34.92333333,rice
978,10,20,20,6.62,1026.64,29.18636364,coriander
979,120,60,65,5.86,1026.64,29.18636364,onion
980,180,60,90,5.18,1026.64,29.18636364,potato
981,50,40,20,5.48,1026.64,29.18636364,ragi
982,90,20,120,5.08,1026.64,29.18636364,sweetpotato
983,80,40,40,5.6,87.2,23.106,rice
984,80,40,40,5.48,840.46,33.58333333,rice
985,80,40,40,5.62,840.46,33.58333333,jute
986,80,40,20,5.52,840.46,33.58333333,maize
987,30,15,30,6.62,840.46,33.58333333,sesamum
988,70,40,45,5.34,87.2,23.106,barley
989,80,40,20,5.32,87.2,23.106,maize
990,50,40,20,4.98,87.2,23.106,rapeseed
991,50,60,30,5.44,87.2,23.106,sunflower
992,60,30,30,6.5,87.2,23.106,wheat
993,80,40,20,5.34,98.98,34.92333333,maize
994,80,40,40,5.54,98.98,34.92333333,rice
995,100,75,50,6.64,1026.64,29.18636364,banana
996,10,20,20,6.32,1026.64,29.18636364,coriander
997,50,10,60,5.5,1026.64,29.18636364,garlic
998,120,60,65,6.08,1026.64,29.18636364,onion
